Cluster,Columna,Valor
0,cap-diameter,6.01 (media)
0,stem-height,6.80 (media)
0,stem-width,10.08 (media)
0,cap-shape,x (66%)
0,cap-surface,y (26%)
0,cap-color,n (51%)
0,stem-color,w (40%)
0,stem-surface,s (52%)
0,gill-color,n (37%)
0,gill-attachment,a (47%)
0,gill-spacing,c (94%)
0,has-ring,t (100%)
0,ring-type,f (24%)
1,cap-diameter,13.65 (media)
1,stem-height,9.40 (media)
1,stem-width,34.30 (media)
1,cap-shape,x (56%)
1,cap-surface,t (32%)
1,cap-color,n (63%)
1,stem-color,w (43%)
1,stem-surface,s (80%)
1,gill-color,w (31%)
1,gill-attachment,p (53%)
1,gill-spacing,c (75%)
1,has-ring,f (100%)
1,ring-type,f (100%)
2,cap-diameter,7.74 (media)
2,stem-height,6.17 (media)
2,stem-width,14.90 (media)
2,cap-shape,x (39%)
2,cap-surface,t (54%)
2,cap-color,n (34%)
2,stem-color,w (39%)
2,stem-surface,s (74%)
2,gill-color,w (33%)
2,gill-attachment,d (27%)
2,gill-spacing,c (80%)
2,has-ring,f (92%)
2,ring-type,f (100%)
3,cap-diameter,3.03 (media)
3,stem-height,4.68 (media)
3,stem-width,4.48 (media)
3,cap-shape,x (38%)
3,cap-surface,t (30%)
3,cap-color,n (35%)
3,stem-color,n (28%)
3,stem-surface,s (79%)
3,gill-color,w (22%)
3,gill-attachment,a (59%)
3,gill-spacing,c (75%)
3,has-ring,f (97%)
3,ring-type,f (100%)
4,cap-diameter,50.34 (media)
4,stem-height,6.54 (media)
4,stem-width,35.08 (media)
4,cap-shape,o (100%)
4,cap-surface,y (100%)
4,cap-color,y (100%)
4,stem-color,k (54%)
4,stem-surface,k (100%)
4,gill-color,y (100%)
4,gill-attachment,p (100%)
4,gill-spacing,c (100%)
4,has-ring,f (100%)
4,ring-type,f (100%)
5,cap-diameter,10.71 (media)
5,stem-height,13.87 (media)
5,stem-width,15.80 (media)
5,cap-shape,x (40%)
5,cap-surface,y (27%)
5,cap-color,n (43%)
5,stem-color,w (72%)
5,stem-surface,s (76%)
5,gill-color,w (69%)
5,gill-attachment,e (50%)
5,gill-spacing,c (99%)
5,has-ring,t (78%)
5,ring-type,f (33%)
